Gender,Married,Education,Self_Employed,ApplicantIncome,CoapplicantIncome,LoanAmount,Loan_Amount_Term,Credit_History,Property_Area,Loan_Status
Male,Yes,Graduate,No,5000,2000,150,360,1,Urban,Y
Male,No,Graduate,No,3000,0,100,360,1,Rural,Y
Female,Yes,Graduate,No,4000,1500,120,360,1,Semiurban,Y
Male,Yes,Not Graduate,No,2500,1000,80,360,0,Rural,N
Female,No,Graduate,Yes,6000,0,200,360,1,Urban,Y
Male,Yes,Graduate,No,2000,500,70,180,0,Rural,N
Male,No,Graduate,No,4500,1000,130,360,1,Semiurban,Y
Female,Yes,Not Graduate,No,3500,500,90,360,1,Rural,Y
Male,Yes,Graduate,Yes,7000,2000,250,360,1,Urban,Y
Male,No,Not Graduate,No,1800,0,60,180,0,Rural,N
Female,Yes,Graduate,No,5200,1800,160,360,1,Semiurban,Y
Male,Yes,Not Graduate,Yes,2800,800,90,360,0,Rural,N
Female,No,Graduate,No,6500,0,220,360,1,Urban,Y
Male,Yes,Graduate,No,5500,2500,180,360,1,Semiurban,Y
Male,No,Not Graduate,No,2200,300,75,180,0,Rural,N 